﻿{"cameraMode":{"drawMode":0,"name":"Shaded","section":"Shading Mode"},"sceneLighting":false,"audioPlay":false,"sceneViewState":{"showFog":true,"showMaterialUpdate":false,"showSkybox":true,"showFlares":true,"showImageEffects":true,"showParticleSystems":true},"in2DMode":false,"pivot":{"x":-14.993473052978516,"y":-12.260722160339356,"z":-11.791439056396485},"rotation":{"x":-0.08437468111515045,"y":0.9130781888961792,"z":-0.2441796511411667,"w":-0.31550827622413638},"size":60.000953674316409,"orthographic":false}